{"cameraMode":{"drawMode":0,"name":"Shaded","section":"Shading Mode"},"sceneLighting":true,"audioPlay":false,"sceneViewState":{"showFog":true,"showMaterialUpdate":false,"showSkybox":true,"showFlares":true,"showImageEffects":true,"showParticleSystems":true},"in2DMode":false,"pivot":{"x":-66.69367980957031,"y":27.055702209472658,"z":-12.171890258789063},"rotation":{"x":0.02868168242275715,"y":0.9690443873405457,"z":-0.20382054150104524,"w":0.13636255264282227},"size":165.73886108398438,"orthographic":false}